Workbook

Sheet Inrich
A1: ชื่อบริษัทฯ | C1: บริษัท อินริชมาเก็ตติ้ง จำกัด (สำนักงานใหญ่)
A2: รอบการจ่ายเงินเดือนวันที่ | C2: 244469
A4: พนักงานประกันสังคม | B4: ลำดับที่ | C4: ชื่อ - นามสกุล | D4: รายละเอียดเงินเดือน | H4: เงินเดือน | I4: Commistion | M4: รวม Commistion | N4: รวมรายรับ | O4: รายการหัก | T4: รวมรายการหัก | U4: รวมสุทธิ
D5: Salary Base | E5: เงินได้อื่นๆ | G5: ค่าอาหาร | I5: Service | J5: Incentive | K5: เบี้ยขยัน | L5: OT | O5: ปกส. | P5: กยศ. | Q5: ภงด.1 | R5: หักกู้ยืม | S5: No work No pay
B6: 1 | C6: นางสาวมณีรัตน์ รอดนิล | D6: 35000 | G6: 1000 | H6: =+SUM(D6:G6) -> 36000 | M6: =+SUM(I6:L6) -> 0 | N6: =+H6+M6 -> 36000 | O6: =ROUND(IF((H6+I6)>17500, 875, (H6+I6)*5%), 0) -> 875 | P6: 1200 | Q6: 464.58 | T6: =+SUM(O6:R6) -> 2539.58 | U6: =+N6-T6 -> 33460.42
B7: 2 | C7: นายกฤษดา รังปราณี | D7: 42000 | G7: 1300 | H7: =+SUM(D7:G7) -> 43300 | M7: =+SUM(I7:L7) -> 0 | N7: =+H7+M7 -> 43300 | O7: =ROUND(IF((H7+I7)>17500, 875, (H7+I7)*5%), 0) -> 875 | Q7: 904.17 | R7: 5000 | S7: 1400 | T7: =+SUM(O7:S7) -> 8179.17 | U7: =+N7-T7 -> 35120.83
B8: 3 | C8: นางสาวสุวิญชา ธรรมภารา | D8: 36000 | H8: =+SUM(D8:G8) -> 36000 | M8: =+SUM(I8:L8) -> 0 | N8: =+H8+M8 -> 36000 | O8: =ROUND(IF((H8+I8)>17500, 875, (H8+I8)*5%), 0) -> 875 | Q8: 464.58 | T8: =+SUM(O8:R8) -> 1339.58 | U8: =+N8-T8 -> 34660.42
B9: 4 | C9: นางสาวริญญภัสร์ ศิรชัยฐานันท์ | D9: 35000 | H9: =+SUM(D9:G9) -> 35000 | M9: =+SUM(I9:L9) -> 0 | N9: =+H9+M9 -> 35000 | O9: =ROUND(IF((H9+I9)>17500, 875, (H9+I9)*5%), 0) -> 875 | Q9: 414.58 | T9: =+SUM(O9:R9) -> 1289.58 | U9: =+N9-T9 -> 33710.42
B10: 5 | C10: นางสาวมรัธยา บัวนุภาพ | D10: 33000 | H10: =+SUM(D10:G10) -> 33000 | M10: =+SUM(I10:L10) -> 0 | N10: =+H10+M10 -> 33000 | O10: =ROUND(IF((H10+I10)>17500, 875, (H10+I10)*5%), 0) -> 875 | Q10: 314.58 | T10: =+SUM(O10:R10) -> 1189.58 | U10: =+N10-T10 -> 31810.42
B11: 6 | C11: นางสาวมาริษา อิ่มเต็มสมบัติ | D11: 15000 | H11: =+SUM(D11:G11) -> 15000 | M11: =+SUM(I11:L11) -> 0 | N11: =+H11+M11 -> 15000 | O11: =ROUND(IF((H11+I11)>17500, 875, (H11+I11)*5%), 0) -> 750 | T11: =+SUM(O11:R11) -> 750 | U11: =+N11-T11 -> 14250
A12: รวมพนักงานประกันสังคม | D12: =+SUM(D6:D11) -> 196000 | E12: =+SUM(E6:E11) -> 0 | F12: =+SUM(F6:F11) -> 0 | G12: =+SUM(G6:G11) -> 2300 | H12: =+SUM(H6:H11) -> 198300 | I12: =+SUM(I6:I11) -> 0 | J12: =+SUM(J6:J11) -> 0 | K12: =+SUM(K6:K11) -> 0 | ... R12: =+SUM(R6:R11) -> 5000 | T12: =+SUM(T6:T11) -> 15287.49 | U12: =+SUM(U6:U11) -> 183012.51
A14: พนักงาน หัก ณ ที่จ่าย | B14: ลำดับที่ | C14: ชื่อ - นามสกุล | D14: รายละเอียดเงินเดือน | H14: เงินเดือน | I14: Commistion | M14: รวม Commistion | N14: รวมรายรับ | O14: หัก ณ ที่จ่าย | P14: รวมสุทธิ | Q14: หมายเหตุ
D15: Salary Base | E15: เงินได้อื่นๆ | G15: ค่าอาหาร | I15: Service | J15: Incentive | K15: เบี้ยขยัน | L15: OT
B16: 1 | C16: นายฐิตาพร วัยอุดมวุฒิ | D16: 38500 | H16: =+SUM(D16:G16) -> 38500 | M16: =+SUM(I16:L16) -> 0 | N16: =+H16+M16 -> 38500 | O16: =IF(N16 < 1000, 0, N16 * 3%) -> 1155 | P16: =+N16-O16 -> 37345 | Q16: 244469
B17: 2 | C17: นางสาวลลิตา บุญยก | D17: 15000 | E17: 2000 | H17: =+SUM(D17:G17) -> 17000 | M17: =+SUM(I17:L17) -> 0 | N17: =+H17+M17 -> 17000 | O17: =IF(N17 < 1000, 0, N17 * 3%) -> 510 | P17: =+N17-O17 -> 16490
B18: 3 | C18: นายวิฆเนศร์ จินตนชูติกร | D18: 17000 | H18: =+SUM(D18:G18) -> 17000 | N18: =+H18+M18 -> 17000 | O18: =IF(N18 < 1000, 0, N18 * 3%) -> 510 | P18: =+N18-O18 -> 16490
B19: 4 | C19: นายพรศักดิ์ ประเสริฐธรรม | D19: 2061.86 | H19: =+SUM(D19:G19) -> 2061.86 | N19: =+H19+M19 -> 2061.86 | O19: =IF(N19 < 1000, 0, N19 * 3%) -> 61.8558 | P19: =+N19-O19 -> 2000.0042
B20: 5 | C20: นางสาวรัฐฐิการ งิ้วงาม | D20: 7000 | H20: =+SUM(D20:G20) -> 7000 | M20: =+SUM(I20:L20) -> 0 | N20: =+H20+M20 -> 7000 | O20: =IF(N20 < 1000, 0, N20 * 3%) -> 210 | P20: =+N20-O20 -> 6790
A21: รวมเงินเดือนพนักงาน หัก ณ ที่จ่าย | D21: =+SUM(D16:D20) -> 79561.86 | E21: =+SUM(E16:E20) -> 2000 | F21: =+SUM(F16:F20) -> 0 | G21: =+SUM(G16:G20) -> 0 | H21: =+SUM(H16:H20) -> 81561.86 | I21: =+SUM(I16:I20) -> 0 | J21: =+SUM(J16:J20) -> 0 | K21: =+SUM(K16:K20) -> 0 | ... P21: =+SUM(P16:P20) -> 79115.004
A23: เงินเดือนกรรมการ | B23: ลำดับที่ | C23: ชื่อ - นามสกุล | D23: เงินเดือน | E23: Commission | F23: ภงด.1 | G23: รวมสุทธิ | M23: หมายเหตุ
B24: 1 | C24: นางสาวกานดา จันทรวงษ์ | D24: 30000 | E24: 0 | F24: 3041.67 | G24: =+D24-F24+E24 -> 26958.33
B25: 2 | C25: นางสาวพรพรรณ เล็กชูวงศ์ | D25: 30000 | E25: 0 | F25: 3041.67 | G25: =+D25-F25+E25 -> 26958.33
A26: รวมเงินเดือนกรรมการ | D26: =+SUM(D24:D25) -> 60000 | E26: =+SUM(E24:E25) -> 0 | F26: =+SUM(F24:F25) -> 6083.34 | G26: =+SUM(G24:G25) -> 53916.66 | I26: =+SUM(I24:I25) -> 0 | J26: =+SUM(J24:J25) -> 0 | K26: =+SUM(K24:K25) -> 0

Sheet One Bangkok
A1: ชื่อบริษัทฯ | C1: บริษัท ริชเทสฮับ จำกัด (สำนักงานใหญ่)
A2: รอบการจ่าย Service วันที่ | C2: =+ARI!C2 -> 244444
A3: รอบการจ่ายเงินเดือนวันที่ | C3: =+ARI!C3 -> 244469
A5: พนักงานประกันสังคม | B5: ลำดับที่ | C5: ชื่อ - นามสกุล | D5: รายละเอียดเงินเดือน | J5: เงินเดือน | K5: Commistion | O5: รวม Commistion | P5: รวมรายรับ | Q5: รายการหัก | T5: รวมรายการหัก | U5: รวมสุทธิ
D6: Salary Base | E6: OT Base | F6: ค่าตำแหน่ง | G6: ค่าภาษา | H6: ค่าอาหาร | I6: ค่าเดินทาง | K6: Service | L6: Incentive | M6: เบี้ยขยัน | N6: OT | Q6: ปกส. | R6: กยศ. | S6: ภงด.1
B7: 1 | C7: นาย อภิชาติ สมพร | D7: 17090.91 | E7: 6409.09 | J7: =+SUM(D7:I7) -> 23500 | K7: 7223.53 | L7: 100 | N7: 213.64 | O7: =+SUM(K7:N7) -> 7537.17 | P7: =+J7+O7 -> 31037.17 | Q7: =ROUND(IF((J7+K7)>17500, 875, (J7+K7)*5%), 0) -> 875 | S7: 370 | T7: =+SUM(Q7:S7) -> 1245 | U7: =+P7-T7 -> 29792.17
B8: 2 | C8: นายณัฐนันท์ เหลาสุภาพ | D8: 13818.18 | E8: 5181.82 | I8: =800*2 -> 1600 | J8: =+SUM(D8:I8) -> 20600 | K8: 4151.45 | L8: 100 | O8: =+SUM(K8:N8) -> 4251.45 | P8: =+J8+O8 -> 24851.45 | Q8: =ROUND(IF((J8+K8)>17500, 875, (J8+K8)*5%), 0) -> 875 | T8: =+SUM(Q8:S8) -> 875 | U8: =+P8-T8 -> 23976.45
B9: 3 | C9: นายต่อศักดิ์ มณีโชติ | D9: 19636.36 | E9: 7363.64 | I9: =800*2 -> 1600 | J9: =+SUM(D9:I9) -> 28600 | K9: 9100 | L9: 100 | O9: =+SUM(K9:N9) -> 9200 | P9: =+J9+O9 -> 37800 | Q9: =ROUND(IF((J9+K9)>17500, 875, (J9+K9)*5%), 0) -> 875 | S9: 900 | T9: =+SUM(Q9:S9) -> 1775 | U9: =+P9-T9 -> 36025
B10: 4 | C10: นายกฤษฎา โพดพันธ์ | D10: 13090.91 | E10: 4909.09 | J10: =+SUM(D10:I10) -> 18000 | K10: 4981.74 | L10: 100 | M10: 500 | O10: =+SUM(K10:N10) -> 5581.74 | P10: =+J10+O10 -> 23581.74 | Q10: =ROUND(IF((J10+K10)>17500, 875, (J10+K10)*5%), 0) -> 875 | T10: =+SUM(Q10:S10) -> 875 | U10: =+P10-T10 -> 22706.74
B11: 5 | C11: นายกิตติโชค เกชิต | D11: 13818.18 | E11: 5181.82 | I11: =800*2 -> 1600 | J11: =+SUM(D11:I11) -> 20600 | K11: 3985.39 | L11: 100 | M11: 500 | O11: =+SUM(K11:N11) -> 4585.39 | P11: =+J11+O11 -> 25185.39 | Q11: =ROUND(IF((J11+K11)>17500, 875, (J11+K11)*5%), 0) -> 875 | T11: =+SUM(Q11:S11) -> 875 | U11: =+P11-T11 -> 24310.39
B12: 6 | C12: MR.SHIVAR | D12: 11636.36 | E12: 4363.64 | J12: =+SUM(D12:I12) -> 16000 | K12: =4649.63-3000 -> 1649.63 | L12: 100 | O12: =+SUM(K12:N12) -> 1749.63 | P12: =+J12+O12 -> 17749.63 | Q12: =ROUND(IF((J12+K12)>17500, 875, (J12+K12)*5%), 0) -> 875 | T12: =+SUM(Q12:S12) -> 875 | U12: =+P12-T12 -> 16874.63
B13: 7 | C13: MR.MIN ZAW | D13: 10909.09 | E13: 4090.91 | I13: =800*2 -> 1600 | J13: =+SUM(D13:I13) -> 16600 | K13: =4815.69-1068.38 -> 3747.31 | L13: 100 | N13: 34.09 | O13: =+SUM(K13:N13) -> 3881.4 | P13: =+J13+O13 -> 20481.4 | Q13: =ROUND(IF((J13+K13)>17500, 875, (J13+K13)*5%), 0) -> 875 | T13: =+SUM(Q13:S13) -> 875 | U13: =+P13-T13 -> 19606.4
B14: 8 | C14: นางสาว สุภาณี คงมา | D14: 13818.18 | E14: 5181.82 | J14: =+SUM(D14:I14) -> 19000 | K14: 4649.63 | L14: 100 | O14: =+SUM(K14:N14) -> 4749.63 | P14: =+J14+O14 -> 23749.63 | Q14: =ROUND(IF((J14+K14)>17500, 875, (J14+K14)*5%), 0) -> 875 | R14: 649 | T14: =+SUM(Q14:S14) -> 1524 | U14: =+P14-T14 -> 22225.63
B15: 9 | C15: นางสาวพัชจีรา ทองคำ | D15: 11636.36 | E15: 4363.64 | J15: =+SUM(D15:I15) -> 16000 | K15: 4649.63 | L15: 100 | O15: =+SUM(K15:N15) -> 4749.63 | P15: =+J15+O15 -> 20749.63 | Q15: =ROUND(IF((J15+K15)>17500, 875, (J15+K15)*5%), 0) -> 875 | T15: =+SUM(Q15:S15) -> 875 | U15: =+P15-T15 -> 19874.63
A16: รวมพนักงานประกันสังคม | D16: =+SUM(D7:D15) -> 125454.53 | E16: =+SUM(E7:E15) -> 47045.47 | F16: =+SUM(F7:F15) -> 0 | G16: =+SUM(G7:G15) -> 0 | H16: =+SUM(H7:H15) -> 0 | I16: =+SUM(I7:I15) -> 6400 | J16: =+SUM(J7:J15) -> 178900 | K16: =+SUM(K7:K15) -> 44138.31 | ... U16: =+SUM(U7:U15) -> 215392.04
A18: พนักงาน หัก ณ ที่จ่าย | B18: ลำดับที่ | C18: ชื่อ - นามสกุล | D18: รายละเอียดเงินเดือน | J18: ค่าจ้าง | K18: Commistion | O18: รวม Commistion | P18: รวมค่าจ้าง | Q18: หัก ณ ที่จ่าย | R18: รวมสุทธิ | S18: หมายเหตุ
D19: ค่าจ้าง | E19: OT Base | F19: ค่าตำแหน่ง | G19: ค่าภาษา | H19: ค่าอาหาร | I19: ค่าเดินทาง | K19: Service | L19: Incentive | M19: เบี้ยขยัน | N19: OT
B20: 1 | C20: MR.MIN YONG JUNG | D20: 115000 | J20: =+SUM(D20:I20) -> 115000 | O20: =+SUM(K20:N20) -> 0 | P20: =+J20+O20 -> 115000 | Q20: =IF(P20 < 1000, 0, P20 * 3%) -> 3450 | R20: =+P20-Q20 -> 111550 | S20: 244443
B21: 2 | C21: นายพรศักดิ์ ประเสริฐธรรม | D21: 30000 | J21: =+SUM(D21:I21) -> 30000 | O21: =+SUM(K21:N21) -> 0 | P21: =+J21+O21 -> 30000 | Q21: =IF(P21 < 1000, 0, P21 * 3%) -> 900 | R21: =+P21-Q21 -> 29100
B22: 3 | C22: นางนภาพร เล็กชูวงศ์ | D22: 30000 | J22: =+SUM(D22:I22) -> 30000 | O22: =+SUM(K22:N22) -> 0 | P22: =+J22+O22 -> 30000 | Q22: =IF(P22 < 1000, 0, P22 * 3%) -> 900 | R22: =+P22-Q22 -> 29100
B23: 4 | C23: นางเปรมศรี ธรรมภารา | D23: 15000 | J23: =+SUM(D23:I23) -> 15000 | O23: =+SUM(K23:N23) -> 0 | P23: =+J23+O23 -> 15000 | Q23: =IF(P23 < 1000, 0, P23 * 3%) -> 450 | R23: =+P23-Q23 -> 14550
B24: 5 | C24: นางพัชรี จันทรวงษ์ | D24: 20000 | J24: =+SUM(D24:I24) -> 20000 | O24: =+SUM(K24:N24) -> 0 | P24: =+J24+O24 -> 20000 | Q24: =IF(P24 < 1000, 0, P24 * 3%) -> 600 | R24: =+P24-Q24 -> 19400
B25: 6 | C25: นายกฤษดา รังปราณี | J25: =+SUM(D25:I25) -> 0 | K25: 7472.62 | O25: =+SUM(K25:N25) -> 7472.62 | P25: =+J25+O25 -> 7472.62 | Q25: =IF(P25 < 1000, 0, P25 * 3%) -> 224.1786 | R25: =+P25-Q25 -> 7248.4414 | S25: 244444
B26: 7 | C26: นางสาวณปภัทร ศรีเศษนาม | J26: =+SUM(D26:I26) -> 0 | K26: 1494.52 | O26: =+SUM(K26:N26) -> 1494.52 | P26: =+J26+O26 -> 1494.52 | Q26: =IF(P26 < 1000, 0, P26 * 3%) -> 44.8356 | R26: =+P26-Q26 -> 1449.6844
B27: 9 | C27: นางสาวพรกมล พลเยี่ยม | J27: =+SUM(D27:I27) -> 0 | K27: 166.06 | O27: =+SUM(K27:N27) -> 166.06 | P27: =+J27+O27 -> 166.06 | Q27: =IF(P27 < 1000, 0, P27 * 3%) -> 0 | R27: =+P27-Q27 -> 166.06
B28: 10 | C28: นายพีรพัฒน์ ไชยบุตร | J28: =+SUM(D28:I28) -> 0 | K28: 166.06 | O28: =+SUM(K28:N28) -> 166.06 | P28: =+J28+O28 -> 166.06 | Q28: =IF(P28 < 1000, 0, P28 * 3%) -> 0 | R28: =+P28-Q28 -> 166.06
B29: 11 | C29: นางสาวณปภัทร ศรีเศษนาม | D29: 8000 | J29: =+SUM(D29:I29) -> 8000 | O29: =+SUM(K29:N29) -> 0 | P29: =+J29+O29 -> 8000 | Q29: =IF(P29 < 1000, 0, P29 * 3%) -> 240 | R29: =+P29-Q29 -> 7760 | S29: 244469
A30: รวมเงินเดือนพนักงาน หัก ณ ที่จ่าย | D30: =+SUM(D20:D29) -> 218000 | E30: =+SUM(E20:E29) -> 0 | F30: =+SUM(F20:F29) -> 0 | G30: =+SUM(G20:G29) -> 0 | H30: =+SUM(H20:H29) -> 0 | I30: =+SUM(I20:I29) -> 0 | J30: =+SUM(J20:J29) -> 218000 | K30: =+SUM(K20:K29) -> 9299.26 | ... R30: =+SUM(R20:R29) -> 220490.25
A32: เงินเดือนกรรมการ | B32: ลำดับที่ | C32: ชื่อ - นามสกุล | D32: เงินเดือน | E32: ภงด.1 | F32: รวมสุทธิ
B33: 1 | C33: MR.MIN YONG JUNG | D33: 130000 | E33: 17916.67 | F33: =+D33-E33 -> 112083.33
F34: =+D34-E34 -> 0
A35: รวมเงินเดือนกรรมการ | D35: =+SUM(D33:D34) -> 130000 | E35: =+SUM(E33:E34) -> 17916.67 | F35: =+SUM(F33:F34) -> 112083.33

Sheet ARI
A1: ชื่อบริษัทฯ | C1: บริษัท ออริจินกินโรล จำกัด (สำนักงานใหญ่)
A2: รอบการจ่าย Service วันที่ | C2: 244444
A3: รอบการจ่ายเงินเดือนวันที่ | C3: 244469
A5: พนักงานประกันสังคม | B5: ลำดับที่ | C5: ชื่อ - นามสกุล | D5: รายละเอียดเงินเดือน | J5: เงินเดือน | K5: Commistion | O5: รวม Commistion | P5: รวมรายรับ | Q5: รายการหัก | T5: รวมรายการหัก | U5: รวมสุทธิ
D6: Salary Base | E6: OT Base | F6: ค่าตำแหน่ง | G6: ค่าภาษา | H6: ค่าอาหาร | I6: ค่าเดินทาง | K6: Service | L6: Incentive | M6: เบี้ยขยัน | N6: OT | Q6: ปกส. | R6: กยศ. | S6: ภงด.1
B7: 1 | C7: นาย สิริภพ มาหา | D7: 15272.73 | E7: 5727.27 | F7: 2000 | J7: =+SUM(D7:I7) -> 23000 | K7: 6667.26 | M7: 500 | N7: 47.73 | O7: =+SUM(K7:N7) -> 7214.99 | P7: =+J7+O7 -> 30214.99 | Q7: =ROUND(IF((J7+K7)>17500, 875, (J7+K7)*5%), 0) -> 875 | T7: =+SUM(Q7:S7) -> 875 | U7: =+P7-T7 -> 29339.99
B8: 2 | C8: นางสาวโชติกา รัตนโสภา | D8: 13090.91 | E8: 4909.09 | J8: =+SUM(D8:I8) -> 18000 | K8: 3111.39 | N8: 163.64 | O8: =+SUM(K8:N8) -> 3275.03 | P8: =+J8+O8 -> 21275.03 | Q8: =ROUND(IF((J8+K8)>17500, 875, (J8+K8)*5%), 0) -> 875 | T8: =+SUM(Q8:S8) -> 875 | U8: =+P8-T8 -> 20400.03
B9: 3 | C9: นายพีรพัฒน์ ไชยบุตร | D9: 10909.09 | E9: 4090.91 | J9: =+SUM(D9:I9) -> 15000 | K9: 3222.51 | O9: =+SUM(K9:N9) -> 3222.51 | P9: =+J9+O9 -> 18222.51 | Q9: =ROUND(IF((J9+K9)>17500, 875, (J9+K9)*5%), 0) -> 875 | T9: =+SUM(Q9:S9) -> 875 | U9: =+P9-T9 -> 17347.51
B10: 4 | C10: นายปฐมพงษ์ สมบูรณ์ดี | D10: 13090.91 | E10: 4909.09 | J10: =+SUM(D10:I10) -> 18000 | K10: 3111.39 | O10: =+SUM(K10:N10) -> 3111.39 | P10: =+J10+O10 -> 21111.39 | Q10: =ROUND(IF((J10+K10)>17500, 875, (J10+K10)*5%), 0) -> 875 | T10: =+SUM(Q10:S10) -> 875 | U10: =+P10-T10 -> 20236.39
B11: 5 | C11: นายนพพล คงมาก | D11: 11636.36 | E11: 4363.64 | J11: =+SUM(D11:I11) -> 16000 | K11: 3222.51 | N11: 72.73 | O11: =+SUM(K11:N11) -> 3295.24 | P11: =+J11+O11 -> 19295.24 | Q11: =ROUND(IF((J11+K11)>17500, 875, (J11+K11)*5%), 0) -> 875 | T11: =+SUM(Q11:S11) -> 875 | U11: =+P11-T11 -> 18420.24
A12: รวมพนักงานประกันสังคม | D12: =+SUM(D7:D11) -> 64000 | E12: =+SUM(E7:E11) -> 24000 | F12: =+SUM(F7:F11) -> 2000 | G12: =+SUM(G7:G11) -> 0 | H12: =+SUM(H7:H11) -> 0 | I12: =+SUM(I7:I11) -> 0 | J12: =+SUM(J7:J11) -> 90000 | K12: =+SUM(K7:K11) -> 19335.06 | ... U12: =+SUM(U7:U11) -> 105744.16
A14: พนักงาน หัก ณ ที่จ่าย | B14: ลำดับที่ | C14: ชื่อ - นามสกุล | D14: รายละเอียดเงินเดือน | J14: เงินเดือน | K14: Commistion | O14: รวม Commistion | P14: รวมรายรับ | Q14: หัก ณ ที่จ่าย | R14: รวมสุทธิ | S14: หมายเหตุ
D15: ค่าจ้าง | E15: OT Base | F15: ค่าตำแหน่ง | G15: ค่าภาษา | H15: ค่าอาหาร | I15: ค่าเดินทาง | K15: Service | L15: Incentive | M15: เบี้ยขยัน | N15: OT
B16: 1 | C16: นางนภาพร เล็กชูวงศ์ | D16: 30000 | J16: =+SUM(D16:I16) -> 30000 | O16: =+SUM(K16:N16) -> 0 | P16: =+J16+O16 -> 30000 | Q16: =IF(P16 < 1000, 0, P16 * 3%) -> 900 | R16: =+P16-Q16 -> 29100 | S16: 244443
B17: 2 | C17: นายพรศักดิ์ ประเสริฐธรรม | D17: 7200 | J17: =+SUM(D17:I17) -> 7200 | O17: =+SUM(K17:N17) -> 0 | P17: =+J17+O17 -> 7200 | Q17: =IF(P17 < 1000, 0, P17 * 3%) -> 216 | R17: =+P17-Q17 -> 6984
B18: 3 | C18: นางเปรมศรี ธรรมภารา | D18: 24000 | J18: =+SUM(D18:I18) -> 24000 | O18: =+SUM(K18:N18) -> 0 | P18: =+J18+O18 -> 24000 | Q18: =IF(P18 < 1000, 0, P18 * 3%) -> 720 | R18: =+P18-Q18 -> 23280
B19: 4 | C19: MR.MINYONG JUNG | D19: 58800 | J19: =+SUM(D19:I19) -> 58800 | O19: =+SUM(K19:N19) -> 0 | P19: =+J19+O19 -> 58800 | Q19: =IF(P19 < 1000, 0, P19 * 3%) -> 1764 | R19: =+P19-Q19 -> 57036
B20: 5 | C20: นายกฤษดา รังปราณี | J20: =+SUM(D20:I20) -> 0 | K20: 3333.63 | O20: =+SUM(K20:N20) -> 3333.63 | P20: =+J20+O20 -> 3333.63 | Q20: =IF(P20 < 1000, 0, P20 * 3%) -> 100.0089 | R20: =+P20-Q20 -> 3233.6211 | S20: 244444
B21: 6 | C21: นางสาวณปภัทร ศรีเศษนาม | J21: =+SUM(D21:I21) -> 0 | K21: 666.73 | O21: =+SUM(K21:N21) -> 666.73 | P21: =+J21+O21 -> 666.73 | Q21: =IF(P21 < 1000, 0, P21 * 3%) -> 0 | R21: =+P21-Q21 -> 666.73
B22: 7 | C22: นายณัฐพงศ์ ธงโบราณ | J22: =+SUM(D22:I22) -> 0 | K22: 111.12 | O22: =+SUM(K22:N22) -> 111.12 | P22: =+J22+O22 -> 111.12 | Q22: =IF(P22 < 1000, 0, P22 * 3%) -> 0 | R22: =+P22-Q22 -> 111.12
B23: 8 | C23: นางสาวณปภัทร ศรีเศษนาม | D23: 8000 | J23: =+SUM(D23:I23) -> 8000 | O23: =+SUM(K23:N23) -> 0 | P23: =+J23+O23 -> 8000 | Q23: =IF(P23 < 1000, 0, P23 * 3%) -> 240 | R23: =+P23-Q23 -> 7760 | S23: 244469
A24: รวมเงินเดือนพนักงาน หัก ณ ที่จ่าย | D24: =+SUM(D16:D23) -> 128000 | E24: =+SUM(E16:E23) -> 0 | F24: =+SUM(F16:F23) -> 0 | G24: =+SUM(G16:G23) -> 0 | H24: =+SUM(H16:H23) -> 0 | I24: =+SUM(I16:I23) -> 0 | J24: =+SUM(J16:J23) -> 128000 | K24: =+SUM(K16:K23) -> 4111.48 | ... R24: =+SUM(R16:R23) -> 128171.47
A26: เงินเดือนกรรมการ | B26: ลำดับที่ | C26: ชื่อ - นามสกุล | D26: เงินเดือน | E26: ภงด.1 | F26: รวมสุทธิ | G26: หมายเหตุ
B27: 1 | C27: นางสาวกานดา จันทรวงศ์ | D27: 16000 | E27: 0 | F27: =+D27-E27 -> 16000
B28: 2 | C28: นางสาวพรพรรณ เล็กชูวงศ์ | D28: 16000 | E28: 0 | F28: =+D28-E28 -> 16000
A29: รวมเงินเดือนกรรมการ | D29: =+SUM(D27:D28) -> 32000 | E29: =+SUM(E27:E28) -> 0 | F29: =+SUM(F27:F28) -> 32000

Sheet Charn
A1: ชื่อบริษัทฯ | C1: บริษัท โรลลิ่งโรล จำกัด (สำนักงานใหญ่)
A2: รอบการจ่าย Service วันที่ | C2: =+ARI!C2 -> 244444
A3: รอบการจ่ายเงินเดือนวันที่ | C3: =+ARI!C3 -> 244469
A5: พนักงานประกันสังคม | B5: ลำดับที่ | C5: ชื่อ - นามสกุล | D5: รายละเอียดเงินเดือน | J5: เงินเดือน | K5: Commistion | O5: รวม Commistion | P5: รวมรายรับ | Q5: รายการหัก | T5: รวมรายการหัก | U5: รวมสุทธิ
D6: Salary Base | E6: OT Base | F6: ค่าตำแหน่ง | G6: ค่าภาษา | H6: ค่าอาหาร | I6: ค่าเดินทาง | K6: Service | L6: Incentive | M6: เบี้ยขยัน | N6: OT | Q6: ปกส. | R6: กยศ. | S6: ภงด.1
B7: 1 | C7: นาย กฤษฎา แซ่จัง | D7: 17090.91 | E7: 6409.09 | H7: 1300 | I7: 1000 | J7: =+SUM(D7:I7) -> 25800 | K7: 6000 | M7: 500 | N7: 1157.2 | O7: =+SUM(K7:N7) -> 7657.2 | P7: =+J7+O7 -> 33457.2 | Q7: =ROUND(IF((J7+K7)>17500, 875, (J7+K7)*5%), 0) -> 875 | T7: =+SUM(Q7:S7) -> 875 | U7: =+P7-T7 -> 32582.2
B8: 2 | C8: นายวิศิษย์ ไชยยา | D8: 10909.09 | E8: 4090.91 | H8: 1100 | J8: =+SUM(D8:I8) -> 16100 | K8: 3127.67 | O8: =+SUM(K8:N8) -> 3127.67 | P8: =+J8+O8 -> 19227.67 | Q8: =ROUND(IF((J8+K8)>17500, 875, (J8+K8)*5%), 0) -> 875 | T8: =+SUM(Q8:S8) -> 875 | U8: =+P8-T8 -> 18352.67
B9: 3 | C9: นายธนวัฒน์ วิชัยโชติยากานต์ | D9: 10909.09 | E9: 4090.91 | H9: 1100 | J9: =+SUM(D9:I9) -> 16100 | K9: 2710.65 | O9: =+SUM(K9:N9) -> 2710.65 | P9: =+J9+O9 -> 18810.65 | Q9: =ROUND(IF((J9+K9)>17500, 875, (J9+K9)*5%), 0) -> 875 | T9: =+SUM(Q9:S9) -> 875 | U9: =+P9-T9 -> 17935.65
B10: 4 | C10: นายณัฐพงศ์ ธงโบราณ | D10: 12363.64 | E10: 4636.36 | H10: 1100 | J10: =+SUM(D10:I10) -> 18100 | K10: =3023.42-566.67 -> 2456.75 | O10: =+SUM(K10:N10) -> 2456.75 | P10: =+J10+O10 -> 20556.75 | Q10: =ROUND(IF((J10+K10)>17500, 875, (J10+K10)*5%), 0) -> 875 | T10: =+SUM(Q10:S10) -> 875 | U10: =+P10-T10 -> 19681.75
B11: 5 | C11: MR.SAI PANT | D11: 10181.82 | E11: 3818.18 | H11: 1100 | J11: =+SUM(D11:I11) -> 15100 | K11: 3127.67 | M11: 500 | O11: =+SUM(K11:N11) -> 3627.67 | P11: =+J11+O11 -> 18727.67 | Q11: =ROUND(IF((J11+K11)>17500, 875, (J11+K11)*5%), 0) -> 875 | T11: =+SUM(Q11:S11) -> 875 | U11: =+P11-T11 -> 17852.67
B12: 6 | C12: นายเสริฐ พงษ์สวัสดิ์ | D12: 12000 | E12: 4500 | H12: 1100 | J12: =+SUM(D12:I12) -> 17600 | M12: 500 | O12: =+SUM(K12:N12) -> 500 | P12: =+J12+O12 -> 18100 | Q12: =ROUND(IF((J12+K12)>17500, 875, (J12+K12)*5%), 0) -> 875 | T12: =+SUM(Q12:S12) -> 875 | U12: =+P12-T12 -> 17225
B13: 7 | C13: นางสาวเบญจพร ตงสาลี | D13: 13454.55 | E13: 5045.45 | H13: 1300 | I13: 2400 | J13: =+SUM(D13:I13) -> 22200 | K13: 3127.67 | M13: 500 | N13: 84.09 | O13: =+SUM(K13:N13) -> 3711.76 | P13: =+J13+O13 -> 25911.76 | Q13: =ROUND(IF((J13+K13)>17500, 875, (J13+K13)*5%), 0) -> 875 | T13: =+SUM(Q13:S13) -> 875 | U13: =+P13-T13 -> 25036.76
B14: 8 | C14: นางสาวพรทิพย์ งามดี | D14: 10909.09 | E14: 4090.91 | H14: 1100 | J14: =+SUM(D14:I14) -> 16100 | K14: 3127.67 | M14: 500 | O14: =+SUM(K14:N14) -> 3627.67 | P14: =+J14+O14 -> 19727.67 | Q14: =ROUND(IF((J14+K14)>17500, 875, (J14+K14)*5%), 0) -> 875 | T14: =+SUM(Q14:S14) -> 875 | U14: =+P14-T14 -> 18852.67
B15: 9 | C15: นางสาวสุนิษา วงษ์ขันธ์ | D15: 10181.82 | E15: 3818.18 | H15: 1100 | J15: =+SUM(D15:I15) -> 15100 | K15: 3127.67 | M15: 500 | N15: 63.64 | O15: =+SUM(K15:N15) -> 3691.31 | P15: =+J15+O15 -> 18791.31 | Q15: =ROUND(IF((J15+K15)>17500, 875, (J15+K15)*5%), 0) -> 875 | R15: 482 | T15: =+SUM(Q15:S15) -> 1357 | U15: =+P15-T15 -> 17434.31
A16: รวมพนักงานประกันสังคม | D16: =+SUM(D7:D15) -> 108000.01 | E16: =+SUM(E7:E15) -> 40499.99 | F16: =+SUM(F7:F15) -> 0 | G16: =+SUM(G7:G15) -> 0 | H16: =+SUM(H7:H15) -> 10300 | I16: =+SUM(I7:I15) -> 3400 | J16: =+SUM(J7:J15) -> 162200 | K16: =+SUM(K7:K15) -> 26805.75 | ... U16: =+SUM(U7:U15) -> 184953.68
A18: พนักงาน หัก ณ ที่จ่าย | B18: ลำดับที่ | C18: ชื่อ - นามสกุล | D18: รายละเอียดเงินเดือน | J18: เงินเดือน | K18: Commistion | O18: รวม Commistion | P18: รวมรายรับ | Q18: หัก ณ ที่จ่าย | R18: รวมสุทธิ | S18: หมายเหตุ
D19: Salary Base | E19: OT Base | F19: ค่าตำแหน่ง | G19: ค่าภาษา | H19: ค่าอาหาร | I19: ค่าเดินทาง | K19: Service | L19: Incentive | M19: เบี้ยขยัน | N19: OT
B20: 1 | C20: นายกฤษดา รังปราณี | J20: =+SUM(D20:I20) -> 0 | K20: 4170.23 | O20: =+SUM(K20:N20) -> 4170.23 | P20: =+J20+O20 -> 4170.23 | Q20: =IF(P20 < 1000, 0, P20 * 3%) -> 125.1069 | R20: =+P20-Q20 -> 4045.1231 | S20: 244444
B21: 2 | C21: นางสาวณปภัทร ศรีเศษนาม | J21: =+SUM(D21:I21) -> 0 | K21: 834.05 | O21: =+SUM(K21:N21) -> 834.05 | P21: =+J21+O21 -> 834.05 | Q21: =IF(P21 < 1000, 0, P21 * 3%) -> 0 | R21: =+P21-Q21 -> 834.05
B22: 3 | C22: นางสาวณปภัทร ศรีเศษนาม | D22: 8000 | J22: =+SUM(D22:I22) -> 8000 | O22: =+SUM(K22:N22) -> 0 | P22: =+J22+O22 -> 8000 | Q22: =IF(P22 < 1000, 0, P22 * 3%) -> 240 | R22: =+P22-Q22 -> 7760 | S22: 244469
A23: รวมเงินเดือนพนักงาน หัก ณ ที่จ่าย | D23: =+SUM(D20:D22) -> 8000 | E23: =+SUM(E20:E22) -> 0 | F23: =+SUM(F20:F22) -> 0 | G23: =+SUM(G20:G22) -> 0 | H23: =+SUM(H20:H22) -> 0 | I23: =+SUM(I20:I22) -> 0 | J23: =+SUM(J20:J22) -> 8000 | K23: =+SUM(K20:K22) -> 5004.28 | ... R23: =+SUM(R20:R22) -> 12639.173

Sheet Bangna
A1: ชื่อบริษัทฯ | C1: บริษัท โอ้ มายแฮนโรล จำกัด (สำนักงานใหญ่)
A2: รอบการจ่าย Service วันที่ | C2: =+ARI!C2 -> 244444
A3: รอบการจ่ายเงินเดือนวันที่ | C3: =+ARI!C3 -> 244469
A5: พนักงานประกันสังคม | B5: ลำดับที่ | C5: ชื่อ - นามสกุล | D5: รายละเอียดเงินเดือน | J5: เงินเดือน | K5: Commistion | O5: รวม Commistion | P5: รวมรายรับ | Q5: รายการหัก | T5: รวมรายการหัก | U5: รวมสุทธิ
D6: Salary Base | E6: OT Base | F6: ค่าตำแหน่ง | G6: ค่าภาษา | H6: ค่าอาหาร | I6: ค่าเดินทาง | K6: Service | L6: Incentive | M6: เบี้ยขยัน | N6: OT | Q6: ปกส. | R6: กยศ. | S6: ภงด.1
B7: 1 | C7: นายพงศกร ทองก้อน | D7: 16727.27 | E7: 6272.73 | H7: 1300 | J7: =+SUM(D7:I7) -> 24300 | K7: 5565.69 | L7: 200 | N7: 627.27 | O7: =+SUM(K7:N7) -> 6392.96 | P7: =+J7+O7 -> 30692.96 | Q7: =ROUND(IF((J7+K7)>17500, 875, (J7+K7)*5%), 0) -> 875 | T7: =+SUM(Q7:S7) -> 875 | U7: =+P7-T7 -> 29817.96
B8: 2 | C8: นายนพดล จันทรางกูล | D8: 13090.91 | E8: 4909.09 | H8: 1300 | J8: =+SUM(D8:I8) -> 19300 | K8: 4417.21 | L8: 200 | M8: 500 | O8: =+SUM(K8:N8) -> 5117.21 | P8: =+J8+O8 -> 24417.21 | Q8: =ROUND(IF((J8+K8)>17500, 875, (J8+K8)*5%), 0) -> 875 | T8: =+SUM(Q8:S8) -> 875 | U8: =+P8-T8 -> 23542.21
B9: 3 | C9: นายวิสันต์ ชาวนาผือ | D9: 13818.18 | E9: 5181.82 | H9: 1300 | J9: =+SUM(D9:I9) -> 20300 | K9: 3710.46 | L9: 200 | O9: =+SUM(K9:N9) -> 3910.46 | P9: =+J9+O9 -> 24210.46 | Q9: =ROUND(IF((J9+K9)>17500, 875, (J9+K9)*5%), 0) -> 875 | T9: =+SUM(Q9:S9) -> 875 | U9: =+P9-T9 -> 23335.46
B10: 4 | C10: นายเทียนชัย จันทรรัตนศิริ | D10: 13818.18 | E10: 5181.82 | H10: 1100 | J10: =+SUM(D10:I10) -> 20100 | K10: 2355.85 | L10: 200 | M10: 500 | O10: =+SUM(K10:N10) -> 3055.85 | P10: =+J10+O10 -> 23155.85 | Q10: =ROUND(IF((J10+K10)>17500, 875, (J10+K10)*5%), 0) -> 875 | T10: =+SUM(Q10:S10) -> 875 | U10: =+P10-T10 -> 22280.85
B11: 5 | C11: MR.HEIN ZAW | D11: 13090.91 | E11: 4909.09 | H11: 1100 | J11: =+SUM(D11:I11) -> 19100 | K11: 4269.97 | L11: 378.18 | N11: 163.64 | O11: =+SUM(K11:N11) -> 4811.79 | P11: =+J11+O11 -> 23911.79 | Q11: =ROUND(IF((J11+K11)>17500, 875, (J11+K11)*5%), 0) -> 875 | T11: =+SUM(Q11:S11) -> 875 | U11: =+P11-T11 -> 23036.79
B12: 6 | C12: นายธนะพัฒน์ สุวรรณพันธุ์ | D12: 13818.18 | E12: 5181.82 | H12: 1100 | I12: 1000 | J12: =+SUM(D12:I12) -> 21100 | K12: 2797.57 | L12: 100 | M12: 500 | O12: =+SUM(K12:N12) -> 3397.57 | P12: =+J12+O12 -> 24497.57 | Q12: =ROUND(IF((J12+K12)>17500, 875, (J12+K12)*5%), 0) -> 875 | T12: =+SUM(Q12:S12) -> 875 | U12: =+P12-T12 -> 23622.57
B13: 7 | C13: นายณัฐกิตติ์ วงศ์รุ่งเจริญกิจ | D13: =14545.45 -> 14545.45 | E13: =5454.55 -> 5454.55 | H13: =1100 -> 1100 | J13: =+SUM(D13:I13) -> 21100 | L13: 100 | M13: 321.43 | O13: =+SUM(K13:N13) -> 421.43 | P13: =+J13+O13 -> 21521.43 | Q13: =ROUND(IF((J13+K13)>17500, 875, (J13+K13)*5%), 0) -> 875 | T13: =+SUM(Q13:S13) -> 875 | U13: =+P13-T13 -> 20646.43
B14: 8 | C14: นางสาวนิชาภา แจ่มจำรัส | D14: 11636.36 | E14: 4363.64 | H14: 1300 | J14: =+SUM(D14:I14) -> 17300 | K14: 3842.98 | L14: 200 | O14: =+SUM(K14:N14) -> 4042.98 | P14: =+J14+O14 -> 21342.98 | Q14: =ROUND(IF((J14+K14)>17500, 875, (J14+K14)*5%), 0) -> 875 | T14: =+SUM(Q14:S14) -> 875 | U14: =+P14-T14 -> 20467.98
B15: 9 | C15: นางสาวเด่นนภา สมรัตน์ | D15: 12363.64 | E15: 4636.36 | H15: 1100 | J15: =+SUM(D15:I15) -> 18100 | K15: 4269.97 | L15: 200 | O15: =+SUM(K15:N15) -> 4469.97 | P15: =+J15+O15 -> 22569.97 | Q15: =ROUND(IF((J15+K15)>17500, 875, (J15+K15)*5%), 0) -> 875 | T15: =+SUM(Q15:S15) -> 875 | U15: =+P15-T15 -> 21694.97
B16: 10 | C16: นางสาวจารวี พูลเพิ่ม | D16: 12363.64 | E16: 4636.36 | H16: 1100 | J16: =+SUM(D16:I16) -> 18100 | K16: 4122.73 | L16: 200 | O16: =+SUM(K16:N16) -> 4322.73 | P16: =+J16+O16 -> 22422.73 | Q16: =ROUND(IF((J16+K16)>17500, 875, (J16+K16)*5%), 0) -> 875 | T16: =+SUM(Q16:S16) -> 875 | U16: =+P16-T16 -> 21547.73
A17: รวมพนักงานประกันสังคม | D17: =+SUM(D7:D16) -> 135272.72 | E17: =+SUM(E7:E16) -> 50727.28 | F17: =+SUM(F7:F16) -> 0 | G17: =+SUM(G7:G16) -> 0 | H17: =+SUM(H7:H16) -> 11800 | I17: =+SUM(I7:I16) -> 1000 | J17: =+SUM(J7:J16) -> 198800 | K17: =+SUM(K7:K16) -> 35352.43 | ... U17: =+SUM(U7:U16) -> 229992.95
A19: พนักงาน หัก ณ ที่จ่าย | B19: ลำดับที่ | C19: ชื่อ - นามสกุล | D19: รายละเอียดเงินเดือน | J19: เงินเดือน | K19: Commistion | O19: รวม Commistion | P19: รวมรายรับ | Q19: หัก ณ ที่จ่าย | R19: รวมสุทธิ | S19: หมายเหตุ
D20: ค่าจ้าง | E20: OT Base | F20: ค่าตำแหน่ง | G20: ค่าภาษา | H20: ค่าอาหาร | I20: ค่าเดินทาง | K20: Service | L20: Incentive | M20: เบี้ยขยัน | N20: OT
B21: 1 | C21: นางสาวสิริญญา อาทรชัยสกุล | D21: 49000 | J21: =+SUM(D21:I21) -> 49000 | O21: =+SUM(K21:N21) -> 0 | P21: =+J21+O21 -> 49000 | Q21: =IF(P21 < 1000, 0, P21 * 3%) -> 1470 | R21: =+P21-Q21 -> 47530 | S21: 244443
B22: 2 | C22: นางนภาพร เล็กชูวงศ์ | D22: 30000 | J22: =+SUM(D22:I22) -> 30000 | O22: =+SUM(K22:N22) -> 0 | P22: =+J22+O22 -> 30000 | Q22: =IF(P22 < 1000, 0, P22 * 3%) -> 900 | R22: =+P22-Q22 -> 29100
B23: 3 | C23: นายพรศักดิ์ ประเสริฐธรรม | D23: 30000 | J23: =+SUM(D23:I23) -> 30000 | O23: =+SUM(K23:N23) -> 0 | P23: =+J23+O23 -> 30000 | Q23: =IF(P23 < 1000, 0, P23 * 3%) -> 900 | R23: =+P23-Q23 -> 29100
B24: 4 | C24: นางเปรมศรี ธรรมภารา | D24: 20000 | J24: =+SUM(D24:I24) -> 20000 | O24: =+SUM(K24:N24) -> 0 | P24: =+J24+O24 -> 20000 | Q24: =IF(P24 < 1000, 0, P24 * 3%) -> 600 | R24: =+P24-Q24 -> 19400
B25: 5 | C25: นายประภัทร รัตนโชติชัยฤทธิ์ | D25: 49000 | J25: =+SUM(D25:I25) -> 49000 | O25: =+SUM(K25:N25) -> 0 | P25: =+J25+O25 -> 49000 | Q25: =IF(P25 < 1000, 0, P25 * 3%) -> 1470 | R25: =+P25-Q25 -> 47530
B26: 6 | C26: นายกฤษดา รังปราณี | J26: =+SUM(D26:I26) -> 0 | K26: 6625.82 | O26: =+SUM(K26:N26) -> 6625.82 | P26: =+J26+O26 -> 6625.82 | Q26: =IF(P26 < 1000, 0, P26 * 3%) -> 198.7746 | R26: =+P26-Q26 -> 6427.0454 | S26: 244444
B27: 7 | C27: นางสาวณปภัทร ศรีเศษนาม | J27: =+SUM(D27:I27) -> 0 | K27: 1325.16 | O27: =+SUM(K27:N27) -> 1325.16 | P27: =+J27+O27 -> 1325.16 | Q27: =IF(P27 < 1000, 0, P27 * 3%) -> 39.7548 | R27: =+P27-Q27 -> 1285.4052
B28: 10 | C28: นางสาวณปภัทร ศรีเศษนาม | D28: 8000 | J28: =+SUM(D28:I28) -> 8000 | O28: =+SUM(K28:N28) -> 0 | P28: =+J28+O28 -> 8000 | Q28: =IF(P28 < 1000, 0, P28 * 3%) -> 240 | R28: =+P28-Q28 -> 7760 | S28: 244469
A29: รวมเงินเดือนพนักงาน หัก ณ ที่จ่าย | D29: =+SUM(D21:D28) -> 186000 | E29: =+SUM(E21:E28) -> 0 | F29: =+SUM(F21:F28) -> 0 | G29: =+SUM(G21:G28) -> 0 | H29: =+SUM(H21:H28) -> 0 | I29: =+SUM(I21:I28) -> 0 | J29: =+SUM(J21:J28) -> 186000 | K29: =+SUM(K21:K28) -> 7950.98 | ... R29: =+SUM(R21:R28) -> 188132.45

Sheet The Circle
A1: ชื่อบริษัทฯ | C1: บริษัท บีทู ออนเดอะโรล จำกัด (สำนักงานใหญ่)
A2: รอบการจ่าย Service วันที่ | C2: =+ARI!C2 -> 244444
A3: รอบการจ่ายเงินเดือนวันที่ | C3: =+ARI!C3 -> 244469
A5: พนักงานประกันสังคม | B5: ลำดับที่ | C5: ชื่อ - นามสกุล | D5: รายละเอียดเงินเดือน | J5: เงินเดือน | K5: Commistion | O5: รวม Commistion | P5: รวมรายรับ | Q5: รายการหัก | T5: รวมรายการหัก | U5: รวมสุทธิ
D6: Salary Base | E6: OT Base | F6: ค่าตำแหน่ง | G6: ค่าภาษา | H6: ค่าอาหาร | I6: ค่าเดินทาง | K6: Service | L6: Incentive | M6: เบี้ยขยัน | N6: OT | Q6: ปกส. | R6: กยศ. | S6: ภงด.1
B7: 1 | C7: นายตันติกร รังปราณี | D7: 13090.91 | E7: 4909.09 | H7: 1300 | J7: =+SUM(D7:I7) -> 19300 | K7: =2300-600 -> 1700 | L7: 100 | N7: 204.55 | O7: =+SUM(K7:N7) -> 2004.55 | P7: =+J7+O7 -> 21304.55 | Q7: =ROUND(IF((J7+K7)>17500, 875, (J7+K7)*5%), 0) -> 875 | T7: =+SUM(Q7:S7) -> 875 | U7: =+P7-T7 -> 20429.55
B8: 2 | C8: นายอนนท์ ต๋องเรียน | D8: 13090.91 | E8: 4909.09 | H8: 1100 | J8: =+SUM(D8:I8) -> 19100 | K8: 2800 | L8: 100 | N8: 327.27 | O8: =+SUM(K8:N8) -> 3227.27 | P8: =+J8+O8 -> 22327.27 | Q8: =ROUND(IF((J8+K8)>17500, 875, (J8+K8)*5%), 0) -> 875 | T8: =+SUM(Q8:S8) -> 875 | U8: =+P8-T8 -> 21452.27
B9: 3 | C9: นายวัฒนชัย โสดา | D9: 11636.36 | E9: 4363.64 | H9: 1100 | J9: =+SUM(D9:I9) -> 17100 | K9: 2900 | L9: 100 | N9: 145.45 | O9: =+SUM(K9:N9) -> 3145.45 | P9: =+J9+O9 -> 20245.45 | Q9: =ROUND(IF((J9+K9)>17500, 875, (J9+K9)*5%), 0) -> 875 | T9: =+SUM(Q9:S9) -> 875 | U9: =+P9-T9 -> 19370.45
B10: 4 | C10: นายกษิวัฒน์ เหลาเบียร์ | D10: 10909.09 | E10: 4090.91 | H10: 1100 | J10: =+SUM(D10:I10) -> 16100 | K10: =2800-1000 -> 1800 | L10: 100 | N10: 136.36 | O10: =+SUM(K10:N10) -> 2036.36 | P10: =+J10+O10 -> 18136.36 | Q10: =ROUND(IF((J10+K10)>17500, 875, (J10+K10)*5%), 0) -> 875 | T10: =+SUM(Q10:S10) -> 875 | U10: =+P10-T10 -> 17261.36
B11: 5 | C11: นายจักรพงษ์ เจริญทัศน์ | D11: 13818.18 | E11: 5181.82 | H11: 1100 | J11: =+SUM(D11:I11) -> 20100 | K11: =2600-1266.66 -> 1333.34 | L11: 100 | O11: =+SUM(K11:N11) -> 1433.34 | P11: =+J11+O11 -> 21533.34 | Q11: =ROUND(IF((J11+K11)>17500, 875, (J11+K11)*5%), 0) -> 875 | T11: =+SUM(Q11:S11) -> 875 | U11: =+P11-T11 -> 20658.34
B12: 6 | C12: นายไตรสิทธิ์ สุภาสาคร | D12: 12363.64 | E12: 4636.36 | H12: 1100 | J12: =+SUM(D12:I12) -> 18100 | K12: 1300 | L12: 100 | N12: 154.55 | O12: =+SUM(K12:N12) -> 1554.55 | P12: =+J12+O12 -> 19654.55 | Q12: =ROUND(IF((J12+K12)>17500, 875, (J12+K12)*5%), 0) -> 875 | T12: =+SUM(Q12:S12) -> 875 | U12: =+P12-T12 -> 18779.55
B13: 7 | C13: MR.WAN SAN | D13: 10909.09 | E13: 4090.91 | H13: 1100 | J13: =+SUM(D13:I13) -> 16100 | K13: 2900 | O13: =+SUM(K13:N13) -> 2900 | P13: =+J13+O13 -> 19000 | Q13: =ROUND(IF((J13+K13)>17500, 875, (J13+K13)*5%), 0) -> 875 | T13: =+SUM(Q13:S13) -> 875 | U13: =+P13-T13 -> 18125
B14: 8 | C14: นางสาวอริสา ทองแท่ง | D14: 12363.64 | E14: 4636.36 | H14: 1100 | J14: =+SUM(D14:I14) -> 18100 | K14: 3000 | L14: 100 | M14: 500 | O14: =+SUM(K14:N14) -> 3600 | P14: =+J14+O14 -> 21700 | Q14: =ROUND(IF((J14+K14)>17500, 875, (J14+K14)*5%), 0) -> 875 | T14: =+SUM(Q14:S14) -> 875 | U14: =+P14-T14 -> 20825
B15: 9 | C15: นางสาวพรกมล พลเยี่ยม | D15: 12363.64 | E15: 4636.36 | H15: 1100 | J15: =+SUM(D15:I15) -> 18100 | K15: =2600-2266.68 -> 333.32 | L15: 100 | O15: =+SUM(K15:N15) -> 433.32 | P15: =+J15+O15 -> 18533.32 | Q15: =ROUND(IF((J15+K15)>17500, 875, (J15+K15)*5%), 0) -> 875 | R15: 407 | T15: =+SUM(Q15:S15) -> 1282 | U15: =+P15-T15 -> 17251.32
B16: 10 | C16: นางสาวพพิลดา แหลมคม | D16: 10181.82 | E16: 3818.18 | H16: 1100 | J16: =+SUM(D16:I16) -> 15100 | K16: =2400-466.67 -> 1933.33 | L16: 100 | O16: =+SUM(K16:N16) -> 2033.33 | P16: =+J16+O16 -> 17133.33 | Q16: =ROUND(IF((J16+K16)>17500, 875, (J16+K16)*5%), 0) -> 852 | T16: =+SUM(Q16:S16) -> 852 | U16: =+P16-T16 -> 16281.33
B17: 11 | C17: นางสาวนฤมล จันทวังโส | D17: 12363.64 | E17: 4636.36 | H17: 1100 | J17: =+SUM(D17:I17) -> 18100 | K17: =2500-566.67 -> 1933.33 | L17: 100 | O17: =+SUM(K17:N17) -> 2033.33 | P17: =+J17+O17 -> 20133.33 | Q17: =ROUND(IF((J17+K17)>17500, 875, (J17+K17)*5%), 0) -> 875 | T17: =+SUM(Q17:S17) -> 875 | U17: =+P17-T17 -> 19258.33
A18: รวมพนักงานประกันสังคม | D18: =+SUM(D7:D17) -> 133090.92 | E18: =+SUM(E7:E17) -> 49909.08 | F18: =+SUM(F7:F17) -> 0 | G18: =+SUM(G7:G17) -> 0 | H18: =+SUM(H7:H17) -> 12300 | I18: =+SUM(I7:I17) -> 0 | J18: =+SUM(J7:J17) -> 195300 | K18: =+SUM(K7:K17) -> 21933.32 | ... U18: =+SUM(U7:U17) -> 209692.5
A20: พนักงาน หัก ณ ที่จ่าย | B20: ลำดับที่ | C20: ชื่อ - นามสกุล | D20: รายละเอียดเงินเดือน | J20: เงินเดือน | K20: Commistion | O20: รวม Commistion | P20: รวมรายรับ | Q20: หัก ณ ที่จ่าย | R20: รวมสุทธิ | S20: หมายเหตุ
D21: Salary Base | E21: OT Base | F21: ค่าตำแหน่ง | G21: ค่าภาษา | H21: ค่าอาหาร | I21: ค่าเดินทาง | K21: Service | L21: Incentive | N21: OT
B22: 1 | C22: นายกฤษดา รังปราณี | J22: =+SUM(D22:I22) -> 0 | K22: 4379.48 | O22: =+SUM(K22:N22) -> 4379.48 | P22: =+J22+O22 -> 4379.48 | Q22: =IF(P22 < 1000, 0, P22 * 3%) -> 131.3844 | R22: =+P22-Q22 -> 4248.0956 | S22: 244444
B23: 2 | C23: นางสาวณปภัทร ศรีเศษนาม | J23: =+SUM(D23:I23) -> 0 | K23: 875.9 | O23: =+SUM(K23:N23) -> 875.9 | P23: =+J23+O23 -> 875.9 | Q23: =IF(P23 < 1000, 0, P23 * 3%) -> 0 | R23: =+P23-Q23 -> 875.9
B24: 3 | C24: นางสาวณปภัทร ศรีเศษนาม | D24: 8000 | J24: =+SUM(D24:I24) -> 8000 | O24: =+SUM(K24:N24) -> 0 | P24: =+J24+O24 -> 8000 | Q24: =IF(P24 < 1000, 0, P24 * 3%) -> 240 | R24: =+P24-Q24 -> 7760 | S24: 244469
A25: รวมเงินเดือนพนักงาน หัก ณ ที่จ่าย | D25: =+SUM(D22:D24) -> 8000 | E25: =+SUM(E22:E24) -> 0 | F25: =+SUM(F22:F24) -> 0 | G25: =+SUM(G22:G24) -> 0 | H25: =+SUM(H22:H24) -> 0 | I25: =+SUM(I22:I24) -> 0 | J25: =+SUM(J22:J24) -> 8000 | K25: =+SUM(K22:K24) -> 5255.38 | ... R25: =+SUM(R22:R24) -> 12883.996

Sheet Thong lor
A1: ชื่อบริษัทฯ | C1: บริษัท ริชเชสริชอินฟินิตี้ จำกัด (สำนักงานใหญ่)
A2: รอบการจ่าย Service วันที่ | C2: =+ARI!C2 -> 244444
A3: รอบการจ่ายเงินเดือนวันที่ | C3: =+ARI!C3 -> 244469
A5: พนักงานประกันสังคม | B5: ลำดับที่ | C5: ชื่อ - นามสกุล | D5: รายละเอียดเงินเดือน | J5: เงินเดือน | K5: Commistion | O5: รวม Commistion | P5: รวมรายรับ | Q5: รายการหัก | T5: รวมรายการหัก | U5: รวมสุทธิ
D6: Salary Base | E6: OT Base | F6: ค่าตำแหน่ง | G6: ค่าภาษา | H6: ค่าอาหาร | I6: ค่าเดินทาง | K6: Service | L6: Incentive | M6: เบี้ยขยัน | N6: OT | Q6: ปกส. | R6: กยศ. | S6: ภงด.1
B7: 1 | C7: นายภพธร อ้อชัยภูมิ | D7: 13090.91 | E7: 4909.09 | H7: 1100 | J7: =+SUM(D7:I7) -> 19100 | K7: 3000 | M7: 500 | N7: 327.27 | O7: =+SUM(K7:N7) -> 3827.27 | P7: =+J7+O7 -> 22927.27 | Q7: =ROUND(IF((J7+K7)>17500, 875, (J7+K7)*5%), 0) -> 875 | T7: =+SUM(Q7:S7) -> 875 | U7: =+P7-T7 -> 22052.27
B8: 2 | C8: นางสาวธิดาพร บำรุงศิลป์ | D8: 13818.18 | E8: 5181.82 | H8: 1300 | I8: 1500 | J8: =+SUM(D8:I8) -> 21800 | K8: 3456.1 | O8: =+SUM(K8:N8) -> 3456.1 | P8: =+J8+O8 -> 25256.1 | Q8: =ROUND(IF((J8+K8)>17500, 875, (J8+K8)*5%), 0) -> 875 | T8: =+SUM(Q8:S8) -> 875 | U8: =+P8-T8 -> 24381.1
B9: 3 | C9: นายจรัล โสภาพ | D9: 14181.82 | E9: 5318.18 | H9: 1300 | I9: 1500 | J9: =+SUM(D9:I9) -> 22300 | K9: 2800 | O9: =+SUM(K9:N9) -> 2800 | P9: =+J9+O9 -> 25100 | Q9: =ROUND(IF((J9+K9)>17500, 875, (J9+K9)*5%), 0) -> 875 | T9: =+SUM(Q9:S9) -> 875 | U9: =+P9-T9 -> 24225
B10: 4 | C10: นายฮีโร่คาซุ มาการิ | D10: 12363.64 | E10: 4636.36 | H10: 1100 | I10: 1500 | J10: =+SUM(D10:I10) -> 19600 | K10: 3000 | O10: =+SUM(K10:N10) -> 3000 | P10: =+J10+O10 -> 22600 | Q10: =ROUND(IF((J10+K10)>17500, 875, (J10+K10)*5%), 0) -> 875 | T10: =+SUM(Q10:S10) -> 875 | U10: =+P10-T10 -> 21725
B11: 5 | C11: นางสาวณัฐธยาน์ เสือเปรี๊ยว | D11: 10181.82 | E11: 3818.18 | H11: 1100 | I11: 1500 | J11: =+SUM(D11:I11) -> 16600 | K11: 2900 | O11: =+SUM(K11:N11) -> 2900 | P11: =+J11+O11 -> 19500 | Q11: =ROUND(IF((J11+K11)>17500, 875, (J11+K11)*5%), 0) -> 875 | T11: =+SUM(Q11:S11) -> 875 | U11: =+P11-T11 -> 18625
B12: 6 | C12: นายสนธยา ไชยอาด | D12: 12363.64 | E12: 4636.36 | H12: 1100 | J12: =+SUM(D12:I12) -> 18100 | K12: 3000 | M12: 500 | O12: =+SUM(K12:N12) -> 3500 | P12: =+J12+O12 -> 21600 | Q12: =ROUND(IF((J12+K12)>17500, 875, (J12+K12)*5%), 0) -> 875 | T12: =+SUM(Q12:S12) -> 875 | U12: =+P12-T12 -> 20725
B13: 7 | C13: นายถิรวัฒน์ ชิเซง | D13: 17454.55 | E13: 6545.45 | H13: 1100 | J13: =+SUM(D13:I13) -> 25100 | K13: 3000 | M13: 500 | N13: 109.09 | O13: =+SUM(K13:N13) -> 3609.09 | P13: =+J13+O13 -> 28709.09 | Q13: =ROUND(IF((J13+K13)>17500, 875, (J13+K13)*5%), 0) -> 875 | T13: =+SUM(Q13:S13) -> 875 | U13: =+P13-T13 -> 27834.09
B14: 8 | C14: นายสุขอนันต์ สุวรรณชัยลบ | D14: 16727.27 | E14: 6272.73 | H14: 1100 | J14: =+SUM(D14:I14) -> 24100 | K14: =2900-766.67 -> 2133.33 | O14: =+SUM(K14:N14) -> 2133.33 | P14: =+J14+O14 -> 26233.33 | Q14: =ROUND(IF((J14+K14)>17500, 875, (J14+K14)*5%), 0) -> 875 | T14: =+SUM(Q14:S14) -> 875 | U14: =+P14-T14 -> 25358.33
B15: 9 | C15: นายทัศไนย์ ก้อนทอง | D15: 13818.18 | E15: 5181.82 | H15: 1100 | J15: =+SUM(D15:I15) -> 20100 | K15: =2610-633.33 -> 1976.67 | O15: =+SUM(K15:N15) -> 1976.67 | P15: =+J15+O15 -> 22076.67 | Q15: =ROUND(IF((J15+K15)>17500, 875, (J15+K15)*5%), 0) -> 875 | T15: =+SUM(Q15:S15) -> 875 | U15: =+P15-T15 -> 21201.67
B16: 10 | C16: นายณัฐนิธิ ศิริวัฒนา | D16: 23000 | E16: 3450 | H16: 1100 | J16: =+SUM(D16:I16) -> 27550 | K16: 3000 | M16: 500 | O16: =+SUM(K16:N16) -> 3500 | P16: =+J16+O16 -> 31050 | Q16: =ROUND(IF((J16+K16)>17500, 875, (J16+K16)*5%), 0) -> 875 | T16: =+SUM(Q16:S16) -> 875 | U16: =+P16-T16 -> 30175
B17: 11 | C17: นายฐิติพัฒน์ วัฒนาการค้าสกุล | D17: 12000 | E17: 4500 | H17: 1100 | J17: =+SUM(D17:I17) -> 17600 | K17: 3000 | M17: 500 | O17: =+SUM(K17:N17) -> 3500 | P17: =+J17+O17 -> 21100 | Q17: =ROUND(IF((J17+K17)>17500, 875, (J17+K17)*5%), 0) -> 875 | T17: =+SUM(Q17:S17) -> 875 | U17: =+P17-T17 -> 20225
B18: 13 | C18: Mrs.KAYNA XIENSAVANG | D18: 10909.09 | E18: 4090.91 | G18: 2000 | H18: 1100 | J18: =+SUM(D18:I18) -> 18100 | K18: =3000-607 -> 2393 | M18: 500 | O18: =+SUM(K18:N18) -> 2893 | P18: =+J18+O18 -> 20993 | Q18: =ROUND(IF((J18+K18)>17500, 875, (J18+K18)*5%), 0) -> 875 | T18: =+SUM(Q18:S18) -> 875 | U18: =+P18-T18 -> 20118
A19: รวมพนักงานประกันสังคม | D19: =+SUM(D7:D18) -> 169909.1 | E19: =+SUM(E7:E18) -> 58540.9 | F19: =+SUM(F7:F18) -> 0 | G19: =+SUM(G7:G18) -> 2000 | H19: =+SUM(H7:H18) -> 13600 | I19: =+SUM(I7:I18) -> 6000 | J19: =+SUM(J7:J18) -> 250050 | K19: =+SUM(K7:K18) -> 33659.1 | ... U19: =+SUM(U7:U18) -> 276645.46
A21: พนักงาน หัก ณ ที่จ่าย | B21: ลำดับที่ | C21: ชื่อ - นามสกุล | D21: รายละเอียดเงินเดือน | J21: เงินเดือน | K21: Commistion | O21: รวม Commistion | P21: รวมรายรับ | Q21: หัก ณ ที่จ่าย | R21: รวมสุทธิ | S21: หมายเหตุ
D22: Salary Base | E22: OT Base | F22: ค่าตำแหน่ง | G22: ค่าภาษา | H22: ค่าอาหาร | I22: ค่าเดินทาง | K22: Service | L22: Incentive | N22: OT
B23: 1 | C23: นายกฤษดา รังปราณี | J23: =+SUM(D23:I23) -> 0 | K23: 3840.11 | O23: =+SUM(K23:N23) -> 3840.11 | P23: =+J23+O23 -> 3840.11 | Q23: =IF(P23 < 1000, 0, P23 * 3%) -> 115.2033 | R23: =+P23-Q23 -> 3724.9067 | S23: 244444
B24: 2 | C24: นายนิมิตร พลศักดิ์ขวา | K24: 500 | O24: =+SUM(K24:N24) -> 500 | P24: =+J24+O24 -> 500 | Q24: =IF(P24 < 1000, 0, P24 * 3%) -> 0 | R24: =+P24-Q24 -> 500
A25: รวมเงินเดือนพนักงาน หัก ณ ที่จ่าย | D25: =+SUM(D23:D24) -> 0 | E25: =+SUM(E23:E24) -> 0 | F25: =+SUM(F23:F24) -> 0 | G25: =+SUM(G23:G24) -> 0 | H25: =+SUM(H23:H24) -> 0 | I25: =+SUM(I23:I24) -> 0 | J25: =+SUM(J23:J24) -> 0 | K25: =+SUM(K23:K24) -> 4340.11 | ... R25: =+SUM(R23:R24) -> 4224.9067

Sheet Ekamai
A1: ชื่อบริษัทฯ | C1: บริษัท ออนเดอะโรล จำกัด (สำนักงานใหญ่)
A2: รอบการจ่าย Service วันที่ | C2: =+ARI!C2 -> 244444
A3: รอบการจ่ายเงินเดือนวันที่ | C3: =+ARI!C3 -> 244469
A5: พนักงานประกันสังคม | B5: ลำดับที่ | C5: ชื่อ - นามสกุล | D5: รายละเอียดเงินเดือน | J5: เงินเดือน | K5: Commistion | O5: รวม Commistion | P5: รวมรายรับ | Q5: รายการหัก | T5: รวมรายการหัก | U5: รวมสุทธิ
D6: Salary Base | E6: OT Base | F6: ค่าตำแหน่ง | G6: ค่าภาษา | H6: ค่าอาหาร | I6: ค่าเดินทาง | K6: Service | L6: Incentive | M6: เบี้ยขยัน | N6: OT | Q6: ปกส. | R6: กยศ. | S6: ภงด.1
B7: 1 | C7: นายอนุศักดิ์ คำยันต์ | D7: 14545.45 | E7: 5454.55 | H7: 1300 | J7: =+SUM(D7:I7) -> 21300 | K7: 5258.77 | M7: 500 | N7: 181.82 | O7: =+SUM(K7:N7) -> 5940.59 | P7: =+J7+O7 -> 27240.59 | Q7: =ROUND(IF((J7+K7)>17500, 875, (J7+K7)*5%), 0) -> 875 | T7: =+SUM(Q7:S7) -> 875 | U7: =+P7-T7 -> 26365.59
B8: 3 | C8: นายศิวัช พันเจาะจง | D8: 11272.73 | E8: 4227.27 | H8: 1100 | J8: =+SUM(D8:I8) -> 16600 | K8: =2700-516.67 -> 2183.33 | O8: =+SUM(K8:N8) -> 2183.33 | P8: =+J8+O8 -> 18783.33 | Q8: =ROUND(IF((J8+K8)>17500, 875, (J8+K8)*5%), 0) -> 875 | T8: =+SUM(Q8:S8) -> 875 | U8: =+P8-T8 -> 17908.33
B9: 4 | C9: นางสาวเบญจวรรณ ตรีโส | D9: 13818.18 | E9: 5181.82 | H9: 1100 | J9: =+SUM(D9:I9) -> 20100 | K9: 3000 | N9: 86.36 | O9: =+SUM(K9:N9) -> 3086.36 | P9: =+J9+O9 -> 23186.36 | Q9: =ROUND(IF((J9+K9)>17500, 875, (J9+K9)*5%), 0) -> 875 | T9: =+SUM(Q9:S9) -> 875 | U9: =+P9-T9 -> 22311.36
B10: 5 | C10: นางสาวน้ำผึ้ง มูลสิทธิ | D10: 11636.36 | E10: 4363.64 | H10: 1100 | J10: =+SUM(D10:I10) -> 17100 | K10: 2700 | O10: =+SUM(K10:N10) -> 2700 | P10: =+J10+O10 -> 19800 | Q10: =ROUND(IF((J10+K10)>17500, 875, (J10+K10)*5%), 0) -> 875 | R10: 318 | T10: =+SUM(Q10:S10) -> 1193 | U10: =+P10-T10 -> 18607
B11: 7 | C11: นายจตุพล ยังยืน | D11: 11636.36 | E11: 4363.64 | H11: 1100 | J11: =+SUM(D11:I11) -> 17100 | K11: =2500-1066.66 -> 1433.34 | O11: =+SUM(K11:N11) -> 1433.34 | P11: =+J11+O11 -> 18533.34 | Q11: =ROUND(IF((J11+K11)>17500, 875, (J11+K11)*5%), 0) -> 875 | T11: =+SUM(Q11:S11) -> 875 | U11: =+P11-T11 -> 17658.34
B12: 8 | C12: นายพรชัย ไทยรอดแก้ว | D12: 10909.09 | E12: 4090.91 | H12: 1100 | J12: =+SUM(D12:I12) -> 16100 | K12: 3000 | M12: 500 | O12: =+SUM(K12:N12) -> 3500 | P12: =+J12+O12 -> 19600 | Q12: =ROUND(IF((J12+K12)>17500, 875, (J12+K12)*5%), 0) -> 875 | T12: =+SUM(Q12:S12) -> 875 | U12: =+P12-T12 -> 18725
B13: 9 | C13: นายอิทธิพล ทวีที | D13: 10909.09 | E13: 4090.91 | H13: 1100 | J13: =+SUM(D13:I13) -> 16100 | K13: =1960-500 -> 1460 | O13: =+SUM(K13:N13) -> 1460 | P13: =+J13+O13 -> 17560 | Q13: =ROUND(IF((J13+K13)>17500, 875, (J13+K13)*5%), 0) -> 875 | T13: =+SUM(Q13:S13) -> 875 | U13: =+P13-T13 -> 16685
B14: 10 | C14: นางสาวนิชาภา ส่งเสริมโรจน์ | D14: 10909.09 | E14: 4090.91 | H14: 1100 | J14: =+SUM(D14:I14) -> 16100 | K14: =2800-1000 -> 1800 | O14: =+SUM(K14:N14) -> 1800 | P14: =+J14+O14 -> 17900 | Q14: =ROUND(IF((J14+K14)>17500, 875, (J14+K14)*5%), 0) -> 875 | T14: =+SUM(Q14:S14) -> 875 | U14: =+P14-T14 -> 17025
B15: 11 | C15: นางสาวเปรียบเดือน ขันธวิชัย | D15: 10909.09 | E15: 4090.91 | H15: 1100 | J15: =+SUM(D15:I15) -> 16100 | K15: 3000 | M15: 500 | N15: 68.18 | O15: =+SUM(K15:N15) -> 3568.18 | P15: =+J15+O15 -> 19668.18 | Q15: =ROUND(IF((J15+K15)>17500, 875, (J15+K15)*5%), 0) -> 875 | T15: =+SUM(Q15:S15) -> 875 | U15: =+P15-T15 -> 18793.18
B16: 12 | C16: นางสาวศิรประภา ศรีบูรณ์ | D16: 10181.82 | E16: 3818.18 | H16: 1100 | J16: =+SUM(D16:I16) -> 15100 | K16: 2900 | N16: 63.64 | O16: =+SUM(K16:N16) -> 2963.64 | P16: =+J16+O16 -> 18063.64 | Q16: =ROUND(IF((J16+K16)>17500, 875, (J16+K16)*5%), 0) -> 875 | T16: =+SUM(Q16:S16) -> 875 | U16: =+P16-T16 -> 17188.64
B17: 13 | C17: Mr.OR OL | D17: 10909.09 | E17: 4090.91 | H17: 1100 | J17: =+SUM(D17:I17) -> 16100 | K17: =3000-1206.8 -> 1793.2 | M17: 500 | O17: =+SUM(K17:N17) -> 2293.2 | P17: =+J17+O17 -> 18393.2 | Q17: =ROUND(IF((J17+K17)>17500, 875, (J17+K17)*5%), 0) -> 875 | T17: =+SUM(Q17:S17) -> 875 | U17: =+P17-T17 -> 17518.2
B18: 14 | C18: นายนิมิตร พลศักดิ์ขวา | D18: 12000 | E18: 4500 | H18: 1100 | J18: =+SUM(D18:I18) -> 17600 | K18: 2400 | O18: =+SUM(K18:N18) -> 2400 | P18: =+J18+O18 -> 20000 | Q18: =ROUND(IF((J18+K18)>17500, 875, (J18+K18)*5%), 0) -> 875 | T18: =+SUM(Q18:S18) -> 875 | U18: =+P18-T18 -> 19125
B19: 15 | C19: Mrs.Naw Maw KHU | D19: 9454.55 | E19: 3545.45 | H19: 1100 | J19: =+SUM(D19:I19) -> 14100 | K19: =3000-885.78 -> 2114.22 | M19: 500 | O19: =+SUM(K19:N19) -> 2614.22 | P19: =+J19+O19 -> 16714.22 | Q19: =ROUND(IF((J19+K19)>17500, 875, (J19+K19)*5%), 0) -> 811 | T19: =+SUM(Q19:S19) -> 811 | U19: =+P19-T19 -> 15903.22
A20: รวมพนักงานประกันสังคม | D20: =+SUM(D7:D19) -> 149090.9 | E20: =+SUM(E7:E19) -> 55909.1 | F20: =+SUM(F7:F19) -> 0 | G20: =+SUM(G7:G19) -> 0 | H20: =+SUM(H7:H19) -> 14500 | I20: =+SUM(I7:I19) -> 0 | J20: =+SUM(J7:J19) -> 219500 | K20: =+SUM(K7:K19) -> 33042.86 | ... U20: =+SUM(U7:U19) -> 243813.86
A22: พนักงาน หัก ณ ที่จ่าย | B22: ลำดับที่ | C22: ชื่อ - นามสกุล | D22: รายละเอียดเงินเดือน | J22: เงินเดือน | K22: Commistion | O22: รวม Commistion | P22: รวมรายรับ | Q22: หัก ณ ที่จ่าย | R22: รวมสุทธิ | S22: หมายเหตุ
D23: Salary Base | E23: OT Base | F23: ค่าตำแหน่ง | G23: ค่าภาษา | H23: ค่าอาหาร | I23: ค่าเดินทาง | K23: Service | L23: Incentive | N23: OT
B24: 1 | C24: นางสาวกัญญารัตน์ ปานขวัญ | J24: =+SUM(D24:I24) -> 0 | K24: 5258.77 | O24: =+SUM(K24:N24) -> 5258.77 | P24: =+J24+O24 -> 5258.77 | Q24: =IF(P24 < 1000, 0, P24 * 3%) -> 157.7631 | R24: =+P24-Q24 -> 5101.0069 | S24: 244444
B25: 2 | C25: นายกฤษดา รังปราณี | J25: =+SUM(D25:I25) -> 0 | K25: 1051.75 | O25: =+SUM(K25:N25) -> 1051.75 | P25: =+J25+O25 -> 1051.75 | Q25: =IF(P25 < 1000, 0, P25 * 3%) -> 31.5525 | R25: =+P25-Q25 -> 1020.1975
B26: 3 | C26: นายพุฒิรัตน์ ก้านทิวลิป | J26: =+SUM(D26:I26) -> 0 | K26: 3000 | O26: =+SUM(K26:N26) -> 3000 | P26: =+J26+O26 -> 3000 | Q26: =IF(P26 < 1000, 0, P26 * 3%) -> 90 | R26: =+P26-Q26 -> 2910
B27: 4 | C27: นางสาวปาริฉัตร ถินมานัต | J27: =+SUM(D27:I27) -> 0 | K27: 1200 | O27: =+SUM(K27:N27) -> 1200 | P27: =+J27+O27 -> 1200 | Q27: =IF(P27 < 1000, 0, P27 * 3%) -> 36 | R27: =+P27-Q27 -> 1164
B28: 5 | C28: นายอรรถไกร ซ่อมทอง | J28: =+SUM(D28:I28) -> 0 | K28: 500 | O28: =+SUM(K28:N28) -> 500 | P28: =+J28+O28 -> 500 | Q28: =IF(P28 < 1000, 0, P28 * 3%) -> 0 | R28: =+P28-Q28 -> 500
A29: รวมเงินเดือนพนักงาน หัก ณ ที่จ่าย | D29: =+SUM(D24:D28) -> 0 | E29: =+SUM(E24:E28) -> 0 | F29: =+SUM(F24:F28) -> 0 | G29: =+SUM(G24:G28) -> 0 | H29: =+SUM(H24:H28) -> 0 | I29: =+SUM(I24:I28) -> 0 | J29: =+SUM(J24:J28) -> 0 | K29: =+SUM(K24:K28) -> 11010.52 | ... R29: =+SUM(R24:R28) -> 10695.204

Sheet Paragon.
A1: ชื่อบริษัทฯ | C1: บริษัท ออนเดอะโรล จำกัด (00001)
A2: รอบการจ่าย Service วันที่ | C2: =+ARI!C2 -> 244444
A3: รอบการจ่ายเงินเดือนวันที่ | C3: =+ARI!C3 -> 244469
A5: พนักงานประกันสังคม | B5: ลำดับที่ | C5: ชื่อ - นามสกุล | D5: รายละเอียดเงินเดือน | J5: เงินเดือน | K5: Commistion | O5: รวม Commistion | P5: รวมรายรับ | Q5: รายการหัก | T5: รวมรายการหัก | U5: รวมสุทธิ
D6: Salary Base | E6: OT Base | F6: ค่าตำแหน่ง | G6: ค่าภาษา | H6: ค่าอาหาร | I6: ค่าเดินทาง | K6: Service | L6: Incentive | M6: เบี้ยขยัน | N6: OT | Q6: ปกส. | R6: กยศ. | S6: ภงด.1
B7: 1 | C7: นางสาว กัญญารัตน์ ปานขวัญ | D7: 27636.36 | E7: 10363.64 | H7: 1300 | J7: =+SUM(D7:I7) -> 39300 | K7: 8701.55 | L7: 400 | O7: =+SUM(K7:N7) -> 9101.55 | P7: =+J7+O7 -> 48401.55 | Q7: =ROUND(IF((J7+K7)>17500, 875, (J7+K7)*5%), 0) -> 875 | S7: 420.83 | T7: =+SUM(Q7:S7) -> 1295.83 | U7: =+P7-T7 -> 47105.72
B8: 2 | C8: นางสาวดลยากร ลืออ้าย | D8: 13818.18 | E8: 5181.82 | H8: 1100 | J8: =+SUM(D8:I8) -> 20100 | K8: 3614.49 | L8: 425.99 | N8: 431.82 | O8: =+SUM(K8:N8) -> 4472.3 | P8: =+J8+O8 -> 24572.3 | Q8: =ROUND(IF((J8+K8)>17500, 875, (J8+K8)*5%), 0) -> 875 | R8: 529 | T8: =+SUM(Q8:S8) -> 1404 | U8: =+P8-T8 -> 23168.3
B9: 3 | C9: นายณัฐวัฒน์ เคนโคกสูง | D9: 13818.18 | E9: 5181.82 | H9: 1100 | I9: 420 | J9: =+SUM(D9:I9) -> 20520 | K9: 7309.3 | L9: 416.9 | N9: 1122.73 | O9: =+SUM(K9:N9) -> 8848.93 | P9: =+J9+O9 -> 29368.93 | Q9: =ROUND(IF((J9+K9)>17500, 875, (J9+K9)*5%), 0) -> 875 | T9: =+SUM(Q9:S9) -> 875 | U9: =+P9-T9 -> 28493.93
B10: 4 | C10: นางสาวศิศานันท์ วรากรพงศ์ | D10: 10181.82 | E10: 3818.18 | H10: 1100 | J10: =+SUM(D10:I10) -> 15100 | K10: 3012.07 | L10: 316.9 | N10: 318.18 | O10: =+SUM(K10:N10) -> 3647.15 | P10: =+J10+O10 -> 18747.15 | Q10: =ROUND(IF((J10+K10)>17500, 875, (J10+K10)*5%), 0) -> 875 | T10: =+SUM(Q10:S10) -> 875 | U10: =+P10-T10 -> 17872.15
B11: 5 | C11: นาย กิตติชัย กาญจนธเนศ | D11: 13818.18 | E11: 5181.82 | H11: 1100 | I11: 420 | J11: =+SUM(D11:I11) -> 20520 | K11: 3494.01 | L11: 417.66 | N11: 518.18 | O11: =+SUM(K11:N11) -> 4429.85 | P11: =+J11+O11 -> 24949.85 | Q11: =ROUND(IF((J11+K11)>17500, 875, (J11+K11)*5%), 0) -> 875 | T11: =+SUM(Q11:S11) -> 875 | U11: =+P11-T11 -> 24074.85
B12: 6 | C12: นางสาวดารณี โยธี | D12: 12363.64 | E12: 4636.36 | H12: 1100 | J12: =+SUM(D12:I12) -> 18100 | K12: 3373.52 | L12: 417.66 | N12: 386.36 | O12: =+SUM(K12:N12) -> 4177.54 | P12: =+J12+O12 -> 22277.54 | Q12: =ROUND(IF((J12+K12)>17500, 875, (J12+K12)*5%), 0) -> 875 | T12: =+SUM(Q12:S12) -> 875 | U12: =+P12-T12 -> 21402.54
B13: 9 | C13: นายสมปอง สุขยง | D13: 12363.64 | E13: 4636.36 | G13: 2000 | H13: 1100 | J13: =+SUM(D13:I13) -> 20100 | K13: 4016.1 | L13: 425.99 | M13: 500 | N13: 540.91 | O13: =+SUM(K13:N13) -> 5483 | P13: =+J13+O13 -> 25583 | Q13: =ROUND(IF((J13+K13)>17500, 875, (J13+K13)*5%), 0) -> 875 | T13: =+SUM(Q13:S13) -> 875 | U13: =+P13-T13 -> 24708
B14: 10 | C14: นายพิษณุ คำเกิด | D14: =5818.18*2 -> 11636.36 | E14: =2181.82*2 -> 4363.64 | H14: 1100 | I14: 480 | J14: =+SUM(D14:I14) -> 17580 | K14: 1472.57 | L14: 425.99 | N14: 654.55 | O14: =+SUM(K14:N14) -> 2553.11 | P14: =+J14+O14 -> 20133.11 | Q14: =ROUND(IF((J14+K14)>17500, 875, (J14+K14)*5%), 0) -> 875 | T14: =+SUM(Q14:S14) -> 875 | U14: =+P14-T14 -> 19258.11
B15: 11 | C15: นายบัณฑิต โพธิ์เอี่ยม | D15: 13818.18 | E15: 5181.82 | H15: 1100 | I15: 460 | J15: =+SUM(D15:I15) -> 20560 | K15: 2168.69 | L15: 425.99 | N15: 604.55 | O15: =+SUM(K15:N15) -> 3199.23 | P15: =+J15+O15 -> 23759.23 | Q15: =ROUND(IF((J15+K15)>17500, 875, (J15+K15)*5%), 0) -> 875 | T15: =+SUM(Q15:S15) -> 875 | U15: =+P15-T15 -> 22884.23
B16: 12 | C16: นายนนทพัทธ์ แซ่อึ้ง | D16: 11636.36 | E16: 4363.64 | H16: 1100 | I16: 420 | J16: =+SUM(D16:I16) -> 17520 | K16: 0 | L16: 325.99 | N16: 436.36 | O16: =+SUM(K16:N16) -> 762.35 | P16: =+J16+O16 -> 18282.35 | Q16: =ROUND(IF((J16+K16)>17500, 875, (J16+K16)*5%), 0) -> 875 | T16: =+SUM(Q16:S16) -> 875 | U16: =+P16-T16 -> 17407.35
B17: 16 | C17: นายปาริฉัตร ถินมานัด | D17: =11636.36 -> 11636.36 | E17: =4363.64 -> 4363.64 | G17: =2000 -> 2000 | H17: =1100 -> 1100 | I17: 2500 | J17: =+SUM(D17:I17) -> 21600 | K17: 2141.92 | L17: 8.33 | O17: =+SUM(K17:N17) -> 2150.25 | P17: =+J17+O17 -> 23750.25 | Q17: =ROUND(IF((J17+K17)>17500, 875, (J17+K17)*5%), 0) -> 875 | T17: =+SUM(Q17:S17) -> 875 | U17: =+P17-T17 -> 22875.25
B18: 17 | C18: นายอรรถไกร ซ่อมทอง | D18: 10909.09 | E18: 4090.91 | H18: 1100 | I18: =3000+400 -> 3400 | J18: =+SUM(D18:I18) -> 19500 | K18: 3346.75 | L18: 325.99 | N18: 409.09 | O18: =+SUM(K18:N18) -> 4081.83 | P18: =+J18+O18 -> 23581.83 | Q18: =ROUND(IF((J18+K18)>17500, 875, (J18+K18)*5%), 0) -> 875 | T18: =+SUM(Q18:S18) -> 875 | U18: =+P18-T18 -> 22706.83
B19: 13 | C19: Mrs.NAN CHIT AYE | D19: 11636.36 | E19: 4363.64 | H19: 1100 | I19: 1000 | J19: =+SUM(D19:I19) -> 18100 | K19: =3882.23-1153.04 -> 2729.19 | L19: 425.99 | N19: 340.91 | O19: =+SUM(K19:N19) -> 3496.09 | P19: =+J19+O19 -> 21596.09 | Q19: =ROUND(IF((J19+K19)>17500, 875, (J19+K19)*5%), 0) -> 875 | T19: =+SUM(Q19:S19) -> 875 | U19: =+P19-T19 -> 20721.09
B20: 14 | C20: MR.SAW CHIT MOE | D20: 9454.55 | E20: 3545.45 | H20: 1100 | I20: 440 | J20: =+SUM(D20:I20) -> 14540 | K20: 3882.23 | L20: 425.99 | N20: 354.55 | O20: =+SUM(K20:N20) -> 4662.77 | P20: =+J20+O20 -> 19202.77 | Q20: =ROUND(IF((J20+K20)>17500, 875, (J20+K20)*5%), 0) -> 875 | T20: =+SUM(Q20:S20) -> 875 | U20: =+P20-T20 -> 18327.77
B21: 15 | C21: MR.SAW AH SEIN | D21: 9454.55 | E21: 3545.45 | H21: 1100 | I21: 460 | J21: =+SUM(D21:I21) -> 14560 | K21: 4016.1 | L21: 416.9 | M21: 500 | N21: 413.64 | O21: =+SUM(K21:N21) -> 5346.64 | P21: =+J21+O21 -> 19906.64 | Q21: =ROUND(IF((J21+K21)>17500, 875, (J21+K21)*5%), 0) -> 875 | T21: =+SUM(Q21:S21) -> 875 | U21: =+P21-T21 -> 19031.64
A22: รวมพนักงานประกันสังคม | D22: =+SUM(D7:D21) -> 194181.81 | E22: =+SUM(E7:E21) -> 72818.19 | F22: =+SUM(F7:F21) -> 0 | G22: =+SUM(G7:G21) -> 4000 | H22: =+SUM(H7:H21) -> 16700 | I22: =+SUM(I7:I21) -> 10000 | J22: =+SUM(J7:J21) -> 297700 | K22: =+SUM(K7:K21) -> 53278.49 | ... U22: =+SUM(U7:U21) -> 350037.76
A24: พนักงาน หัก ณ ที่จ่าย | B24: ลำดับที่ | C24: ชื่อ - นามสกุล | D24: รายละเอียดเงินเดือน | J24: เงินเดือน | K24: Commistion | O24: รวม Commistion | P24: รวมรายรับ | Q24: หัก ณ ที่จ่าย | R24: รวมสุทธิ | S24: หมายเหตุ
D25: Salary Base | E25: OT Base | F25: ค่าตำแหน่ง | G25: ค่าภาษา | H25: ค่าอาหาร | I25: ค่าเดินทาง | K25: Service | L25: Incentive | N25: OT
B26: 1 | C26: นางนภาพร เล็กชูวงศ์ | D26: 30000 | J26: =+SUM(D26:I26) -> 30000 | O26: =+SUM(K26:N26) -> 0 | P26: =+J26+O26 -> 30000 | Q26: =IF(P26 < 1000, 0, P26 * 3%) -> 900 | R26: =+P26-Q26 -> 29100 | S26: 244443
B27: 2 | C27: นายกฤษดา รังปราณี | J27: =+SUM(D27:I27) -> 0 | K27: 1740.31 | O27: =+SUM(K27:N27) -> 1740.31 | P27: =+J27+O27 -> 1740.31 | Q27: =IF(P27 < 1000, 0, P27 * 3%) -> 52.2093 | R27: =+P27-Q27 -> 1688.1007 | S27: 244444
B28: 3 | C28: นางสาวสุนทรีย์ ชมภู | J28: =+SUM(D28:I28) -> 0 | K28: 803.22 | L28: 217.66 | N28: 231.82 | O28: =+SUM(K28:N28) -> 1252.7 | P28: =+J28+O28 -> 1252.7 | Q28: =IF(P28 < 1000, 0, P28 * 3%) -> 37.581 | R28: =+P28-Q28 -> 1215.119
B29: 4 | C29: นางสาวเดือนเพ็ญ พลสงคราม | J29: =+SUM(D29:I29) -> 0 | K29: 267.74 | O29: =+SUM(K29:N29) -> 267.74 | P29: =+J29+O29 -> 267.74 | Q29: =IF(P29 < 1000, 0, P29 * 3%) -> 0 | R29: =+P29-Q29 -> 267.74
B30: 5 | C30: นางสาวน้ำผึ้ง มูลสิทธิ | J30: =+SUM(D30:I30) -> 0 | K30: 133.87 | O30: =+SUM(K30:N30) -> 133.87 | P30: =+J30+O30 -> 133.87 | Q30: =IF(P30 < 1000, 0, P30 * 3%) -> 0 | R30: =+P30-Q30 -> 133.87
A31: รวมเงินเดือนพนักงาน หัก ณ ที่จ่าย | D31: =+SUM(D27:D30) -> 0 | E31: =+SUM(E27:E30) -> 0 | F31: =+SUM(F27:F30) -> 0 | G31: =+SUM(G27:G30) -> 0 | H31: =+SUM(H27:H30) -> 0 | I31: =+SUM(I27:I30) -> 0 | J31: =+SUM(J27:J30) -> 0 | K31: =+SUM(K27:K30) -> 2945.14 | ... R31: =+SUM(R27:R30) -> 3304.8297
